{
  "experiment_config": {
    "num_generations": 200,
    "population_size": 30,
    "num_neurons": 4,
    "num_trials_per_evaluation": 3,
    "trial_duration": 500,
    "task_type": "phototaxis"
  },
  "phase1_evolution": {
    "best_fitness": 0.8474042838739136,
    "fitness_history": [
      0.7504900610282111,
      0.8333205775194291,
      0.8333205775194291,
      0.8333205775194291,
      0.8333205775194291,
      0.8333205775194291,
      0.8333205775194291,
      0.8333205775194291,
      0.8333205775194291,
      0.8333205775194291,
      0.8333205775194291,
      0.8333205775194291,
      0.8333205775194291,
      0.8333205775194291,
      0.8333205775194291,
      0.8333205775194291,
      0.8333205775194291,
      0.8333205775194291,
      0.8333205775194291,
      0.8333205775194291,
      0.8333205775194291,
      0.8333205775194291,
      0.8333205775194291,
      0.8333205775194291,
      0.8333205775194291,
      0.8333205775194291,
      0.8333205775194291,
      0.8333205775194291,
      0.8333205775194291,
      0.8333205775194291,
      0.8333205775194291,
      0.8333205775194291,
      0.8333205775194291,
      0.8333205775194291,
      0.8333205775194291,
      0.8333205775194291,
      0.8333205775194291,
      0.8333205775194291,
      0.8333205775194291,
      0.8333205775194291,
      0.8333205775194291,
      0.8333205775194291,
      0.8333205775194291,
      0.8333205775194291,
      0.8333205775194291,
      0.8333205775194291,
      0.8333205775194291,
      0.8333205775194291,
      0.8333205775194291,
      0.8333205775194291,
      0.8333205775194291,
      0.8333205775194291,
      0.8333205775194291,
      0.8333205775194291,
      0.8333205775194291,
      0.8333205775194291,
      0.8333205775194291,
      0.8333205775194291,
      0.8333205775194291,
      0.8333205775194291,
      0.8333205775194291,
      0.8333205775194291,
      0.8333205775194291,
      0.8333205775194291,
      0.8333205775194291,
      0.8333205775194291,
      0.8333205775194291,
      0.8333205775194291,
      0.8333205775194291,
      0.8333205775194291,
      0.8333205775194291,
      0.8333205775194291,
      0.8333205775194291,
      0.8333205775194291,
      0.8333205775194291,
      0.8333205775194291,
      0.8333205775194291,
      0.8333205775194291,
      0.8333205775194291,
      0.8333205775194291,
      0.8333205775194291,
      0.8333205775194291,
      0.8333205775194291,
      0.8333205775194291,
      0.8333205775194291,
      0.8333205775194291,
      0.8333205775194291,
      0.8474042838739136,
      0.8474042838739136,
      0.8474042838739136,
      0.8474042838739136,
      0.8474042838739136,
      0.8474042838739136,
      0.8474042838739136,
      0.8474042838739136,
      0.8474042838739136,
      0.8474042838739136,
      0.8474042838739136,
      0.8474042838739136,
      0.8474042838739136,
      0.8474042838739136,
      0.8474042838739136,
      0.8474042838739136,
      0.8474042838739136,
      0.8474042838739136,
      0.8474042838739136,
      0.8474042838739136,
      0.8474042838739136,
      0.8474042838739136,
      0.8474042838739136,
      0.8474042838739136,
      0.8474042838739136,
      0.8474042838739136,
      0.8474042838739136,
      0.8474042838739136,
      0.8474042838739136,
      0.8474042838739136,
      0.8474042838739136,
      0.8474042838739136,
      0.8474042838739136,
      0.8474042838739136,
      0.8474042838739136,
      0.8474042838739136,
      0.8474042838739136,
      0.8474042838739136,
      0.8474042838739136,
      0.8474042838739136,
      0.8474042838739136,
      0.8474042838739136,
      0.8474042838739136,
      0.8474042838739136,
      0.8474042838739136,
      0.8474042838739136,
      0.8474042838739136,
      0.8474042838739136,
      0.8474042838739136,
      0.8474042838739136,
      0.8474042838739136,
      0.8474042838739136,
      0.8474042838739136,
      0.8474042838739136,
      0.8474042838739136,
      0.8474042838739136,
      0.8474042838739136,
      0.8474042838739136,
      0.8474042838739136,
      0.8474042838739136,
      0.8474042838739136,
      0.8474042838739136,
      0.8474042838739136,
      0.8474042838739136,
      0.8474042838739136,
      0.8474042838739136,
      0.8474042838739136,
      0.8474042838739136,
      0.8474042838739136,
      0.8474042838739136,
      0.8474042838739136,
      0.8474042838739136,
      0.8474042838739136,
      0.8474042838739136,
      0.8474042838739136,
      0.8474042838739136,
      0.8474042838739136,
      0.8474042838739136,
      0.8474042838739136,
      0.8474042838739136,
      0.8474042838739136,
      0.8474042838739136,
      0.8474042838739136,
      0.8474042838739136,
      0.8474042838739136,
      0.8474042838739136,
      0.8474042838739136,
      0.8474042838739136,
      0.8474042838739136,
      0.8474042838739136,
      0.8474042838739136,
      0.8474042838739136,
      0.8474042838739136,
      0.8474042838739136,
      0.8474042838739136,
      0.8474042838739136,
      0.8474042838739136,
      0.8474042838739136,
      0.8474042838739136,
      0.8474042838739136,
      0.8474042838739136,
      0.8474042838739136,
      0.8474042838739136,
      0.8474042838739136,
      0.8474042838739136,
      0.8474042838739136,
      0.8474042838739136,
      0.8474042838739136,
      0.8474042838739136,
      0.8474042838739136,
      0.8474042838739136,
      0.8474042838739136,
      0.8474042838739136
    ]
  },
  "phase2a_ghost": {
    "condition_name": "Ghost (disembodied, sensory replay)",
    "fitness": 1.0,
    "task_success_rate": 0.7000000020536505,
    "neural_divergence": 0.0,
    "time_to_divergence": 500,
    "mean_output_difference": 0.0
  },
  "phase2b_body_substitution": {
    "baseline": {
      "morphology_name": "baseline",
      "fitness": 0.7000000020536504,
      "performance_degradation": 0.17394779643856417,
      "feasibility": "True",
      "notes": "Morphology: {'sensor_angle_offset': 0.5235987755982988, 'motor_scale': 1.0, 'radius': 1.0}"
    },
    "wider_sensors": {
      "morphology_name": "wider_sensors",
      "fitness": 0.7000000020536504,
      "performance_degradation": 0.17394779643856417,
      "feasibility": "True",
      "notes": "Morphology: {'sensor_angle_offset': 1.0471975511965976, 'motor_scale': 1.0, 'radius': 1.0}"
    },
    "narrower_sensors": {
      "morphology_name": "narrower_sensors",
      "fitness": 0.7000000020536504,
      "performance_degradation": 0.17394779643856417,
      "feasibility": "True",
      "notes": "Morphology: {'sensor_angle_offset': 0.2617993877991494, 'motor_scale': 1.0, 'radius': 1.0}"
    }
  },
  "embodiment_analysis": {
    "ghost_divergence": 0.0,
    "ghost_time_to_divergence": 500.0,
    "morphology_degradation": 0.17394779643856417,
    "morphology_feasibility": 1.0,
    "constitutive_score": 0.08697389821928209,
    "causal_score": 1.0,
    "body_brain_coupling_strength": 0.08697389821928209,
    "morphology_generalization": 0.8260522035614358
  }
}