{
  "meta": {
    "timestamp": "20260218_211006",
    "total_time_sec": 804.8437387943268,
    "total_conditions": 60,
    "successful_conditions": 60
  },
  "by_size": {
    "2": {
      "discrimination": {
        "mean": 0.5486167033330758,
        "std": 0.31187835223472665,
        "median": 0.6410972138449937,
        "min": -0.01045296167247387,
        "max": 0.9778260869565217
      },
      "fitness": {
        "mean": 0.2640746637925836,
        "std": 0.24547083885010715
      },
      "partner_fraction": {
        "mean": 0.26982,
        "std": 0.2326701089525683
      },
      "shadow_fraction": {
        "mean": 0.056940000000000004,
        "std": 0.04089910023460174
      },
      "ed_score": {
        "mean": 0.0672323522149242,
        "std": 0.09378402949640852
      }
    },
    "3": {
      "discrimination": {
        "mean": 0.7677263404466055,
        "std": 0.3078459608335986,
        "median": 0.9333151584107957,
        "min": 0.12921348314606743,
        "max": 0.9778260869565217
      },
      "fitness": {
        "mean": 0.5716770252210399,
        "std": 0.3389825529742542
      },
      "partner_fraction": {
        "mean": 0.5617,
        "std": 0.3252860064620057
      },
      "shadow_fraction": {
        "mean": 0.03182,
        "std": 0.026984506665862915
      },
      "ed_score": {
        "mean": 0.0800389289023901,
        "std": 0.160459327514994
      }
    },
    "4": {
      "discrimination": {
        "mean": 0.720981592737574,
        "std": 0.33582121278681587,
        "median": 0.868337999803517,
        "min": -0.04956268221574344,
        "max": 0.9778260869565217
      },
      "fitness": {
        "mean": 0.5280306338965925,
        "std": 0.36475064469150276
      },
      "partner_fraction": {
        "mean": 0.5175600000000001,
        "std": 0.3525922948675992
      },
      "shadow_fraction": {
        "mean": 0.03442,
        "std": 0.029530113443737394
      },
      "ed_score": {
        "mean": 0.014049028988843349,
        "std": 0.03579920886880557
      }
    },
    "5": {
      "discrimination": {
        "mean": 0.7532668678618881,
        "std": 0.2997044916936985,
        "median": 0.9249140270439897,
        "min": 0.13489208633093525,
        "max": 0.9778260869565217
      },
      "fitness": {
        "mean": 0.5587076370801689,
        "std": 0.38150962896055557
      },
      "partner_fraction": {
        "mean": 0.54874,
        "std": 0.36713866644634424
      },
      "shadow_fraction": {
        "mean": 0.029559999999999996,
        "std": 0.027594463212753384
      },
      "ed_score": {
        "mean": 0.005560835832343533,
        "std": 0.009587046862724267
      }
    },
    "6": {
      "discrimination": {
        "mean": 0.7765406972002717,
        "std": 0.3595430221680179,
        "median": 0.9677066550000503,
        "min": 0.024742268041237112,
        "max": 0.9778260869565217
      },
      "fitness": {
        "mean": 0.6762485031172506,
        "std": 0.34374755187852335
      },
      "partner_fraction": {
        "mean": 0.67266,
        "std": 0.323823396931105
      },
      "shadow_fraction": {
        "mean": 0.04442,
        "std": 0.06669707339906303
      },
      "ed_score": {
        "mean": 0.10179823500059904,
        "std": 0.1930882168348765
      }
    },
    "8": {
      "discrimination": {
        "mean": 0.9079467589562785,
        "std": 0.1286451094712906,
        "median": 0.9704347826086956,
        "min": 0.5469448584202683,
        "max": 0.9778260869565217
      },
      "fitness": {
        "mean": 0.742240159062755,
        "std": 0.3133457546807162
      },
      "partner_fraction": {
        "mean": 0.7238399999999999,
        "std": 0.3073390024061379
      },
      "shadow_fraction": {
        "mean": 0.0182,
        "std": 0.013396118840918066
      },
      "ed_score": {
        "mean": 0.003768221801844196,
        "std": 0.0077161494566978205
      }
    }
  },
  "correlations": {
    "discrimination_vs_size": {
      "rho": 0.3235411860684337,
      "p": 0.011680784365551535
    },
    "fitness_vs_size": {
      "rho": 0.35332355460073767,
      "p": 0.005619595017217192
    },
    "ed_vs_size": {
      "rho": -0.1389784827560412,
      "p": 0.28958758401522966
    }
  },
  "group_comparisons": {
    "small_vs_large_discrimination": {
      "u_statistic": 275.0,
      "p_value": 0.021348031373790922,
      "small_mean": 0.6581715218898407,
      "large_mean": 0.8422437280782751
    }
  }
}